ProductID,ProductName,Category,UnitPrice,Supplier,SupplierID
2000,Electronics-Signal,Electronics,969.31,Sylvania,1018
2001,Electronics-Boost,Electronics,412.35,Sony,1016
2002,Office-Family,Office,866.0,fellowes,1005
2003,Electronics-Training,Electronics,385.18,GE,1006
2004,Office-Where,Office,927.25,Pilot,1012
2005,Office-Huge,Office,428.78,pilot,1012
2006,Office-Class,Office,198.0,Pilot,1012
2007,Clothing-Over,Clothing,583.39,Custom,1004
2008,Electronics-Skin,Electronics,66.59,Sylvania,1018
2009,Office-Raise,Office,66.31,Pilot,1012
2010,Electronics-Themselves,Electronics,77.84,GE,1006
2011,Electronics-Religious,Electronics,409.74,JVC,1007
2012,Clothing-Artist,Clothing,623.19,Nautica,1010
2013,Office-Cultural,Office,935.36,Pilot,1012
2014,Clothing-Eat,Clothing,246.3,Adidas,1001
2015,Office-Itself,Office,674.97,Pilot,1012
2016,Home-He,Home,323.02,Rubbermaid,1015
2017,Electronics-Feeling,Electronics,463.7,INVALID,1006
2018,Electronics-Nature,Electronics,542.26,Sylvania,1018
2019,Home-History,Home,933.93,Rubbermaid,1015
2020,Electronics-Share,Electronics,375.83,Bose,1002
2021,Clothing-Skill,Clothing,835.41,Adidas,1001
2022,Home-Economy,Home,671.18,Rubbermaid,1015
2023,Home-Yeah,Home,939.54,KitchenAid,1008
2024,Clothing-Paper,Clothing,124.27,Nike,1011
2025,Electronics-Assume,Electronics,279.62,Sylvania,1018
2026,Clothing-Use,Clothing,211.56,Nautica,1010
2027,Home-Purpose,Home,258.61,Rubbermaid,1015
2028,Electronics-Take,Electronics,637.94,SONY,1016
2029,Home-Yourself,Home,13.51,Rubbermaid,1015
2030,Clothing-First,Clothing,169.97,Reebok,1014
2031,Office-Develop,Office,565.3,Staples,1017
2032,Electronics-There,Electronics,945.6,Bose,1100
2033,Clothing-Argue,Clothing,836.25,Custom,1004
2034,Clothing-Feel,Clothing,136.17,Lee,1009
2035,Home-According,Home,899.99,Rubbermaid,1015
2036,Electronics-Candidate,Electronics,217.98,Bose,1002
2037,Clothing-Meeting,Clothing,360.14,Lee,1009
2038,Office-Soon,Office,926.51,Staples,1017
2039,Clothing-Need,Clothing,976.44,Lee,1009
2040,Clothing-Determine,Clothing,34.54,Nautica,1010
2041,Home-Assume,Home,804.21,Cuisinart,1003
2042,Clothing-Lawyer,Clothing,167.61,Nautica,1010
2043,Electronics-Practice,Electronics,873.45,GE,1006
2044,Office-Society,Office,207.58,Pilot,1012
2045,Office-Next,Office,312.14,Staples,1017
2046,Clothing-Worry,Clothing,33.43,Nautica,1010
2047,Clothing-Hair,Clothing,334.98,Custom,1004
2048,Electronics-Candidate,Electronics,357.63,Sylvania,1018
2049,Office-Easy,Office,939.84,Staples,1017
2050,Electronics-Young,Electronics,186.78,GE,1006
2051,Home-Century,Home,117.32,Cuisinart,1003
2052,Office-Year,Office,731.26,Pilot,1012
2053,Home-Ground,Home,610.15,Rubbermaid,1015
2054,Electronics-Above,Electronics,900.51,Sony,1016
2055,Clothing-Politics,Clothing,53.94,Custom,1004
2056,Office-About,Office,524.72,Pilot,1012
2057,Clothing-Identify,Clothing,436.98,Reebok,1014
2058,Home-Wear,Home,666.75,Cuisinart,1003
2059,Electronics-Clear,Electronics,512.05,Bose,5555
2060,Office-Term,Office,408.38,Staples,1017
2061,Home-Quite,Home,199.92,Pyrex,1013
2062,Office-Receive,Office,619.36,Fellowes,1005
2063,Home-Good,Home,552.46,Rubbermaid,1015
2064,Electronics-Stop,Electronics,294.04,Sony,1016
2065,Office-Animal,Office,470.34,Staples,1017
2066,Office-Occur,Office,516.06,Fellowes,1005
2067,Clothing-Remain,Clothing,290.95,Reebok,1014
2068,Home-Read,Home,820.24,KitchenAid,1008
2069,Clothing-Garden,Clothing,232.39,Nautica,1010
2070,Clothing-About,Clothing,34.18,Nautica,1010
2071,Clothing-Success,Clothing,615.16,Lee,1009
2072,Electronics-Become,Electronics,420.3,JVC,1007
2073,Clothing-Executive,Clothing,499.43,Lee,1009
2074,Clothing-Strong,Clothing,659.5,Reebok,1014
2075,Electronics-Letter,Electronics,780.64,GE,1006
2076,Clothing-Affect,Clothing,806.07,Adidas,1001
2077,Office-Ball,Office,561.83,Pilot,1012
2078,Electronics-Film,Electronics,142.01,JVC,1007
2079,Office-Who,Office,950.54,Fellowes,1005
2080,Office-Doctor,Office,832.26,Staples,1017
2081,Office-Light,Office,746.22,,1017
2082,Office-Figure,Office,266.6,Fellowes,1005
2083,Clothing-Cut,Clothing,768.16,Custom,1004
2084,Office-Stuff,Office,281.85,Fellowes,1005
2085,Electronics-Officer,Electronics,242.15,Bose,1002
2086,Home-Of,Home,894.1,Pyrex,1013
2087,Electronics-Rather,Electronics,159.32,Sony,1016
2088,Office-Evening,Office,709.35,Fellowes,1005
2089,Electronics-Action,Electronics,413.52,GE,1006
2090,Office-Staff,Office,71.64,STAPLES,1017
2091,Office-Mrs,Office,905.79,Pilot,1012
2092,Electronics-Add,Electronics,482.21,GE,1006
2093,Home-Real,Home,755.94,KitchenAid,1008
2094,Office-Fight,Office,493.35,Fellowes,1005
2095,Home-Seem,Home,490.79,Rubbermaid,1015
2096,Office-Discuss,Office,672.18,Staples,1017
2097,Office-Recent,Office,842.1,Fellowes,1005
2098,Clothing-Trouble,Clothing,907.86,Reebok,1014
2099,Electronics-Several,Electronics,646.32,Sony,1016
